{
  "seeds": [
    42,
    123,
    456
  ],
  "test_accuracies": [
    0.5803571428571429,
    0.6607142857142857,
    0.5892857142857143
  ],
  "test_f1_scores": [
    0.5424697310934284,
    0.6547910385086668,
    0.5726212428545085
  ],
  "mean_accuracy": 0.6101190476190476,
  "std_accuracy": 0.03596144634998382,
  "mean_f1": 0.5899606708188679,
  "std_f1": 0.04746585331558907
}