{
  "test_accuracy": 0.6339285714285714,
  "test_f1": 0.5435603782738485,
  "model_type": "pretrained_torchaudio"
}